Key Word,Search Volume,Result Count
bible,157400,100000
kjv study bible,137300,3000
nkjv study bible,131400,1000
kjv bible,121500,4000
csb study bible,107000,600
hebrew greek keyword study bible,103100,< 100
kjv study bible large print,95100,1000
kjv bible for women,90100,1000
nkjv bible,87500,2000
bible study guides and workbooks,86300,3000
kjv journaling bible,80200,600
kjv bible large print,80100,1000
nkjv bible large print,79100,1000
nkjv journaling bible,77200,500
jesus storybook bible,69700,600
kjv bible for kids,63800,500
niv study bible,60600,3000
bible tabs,56700,400
psilocybin mushroom bible,54300,200
nrsv bible,47800,600
nlt life application study bible,47700,400
csb bible,46400,600
bible study guide,46300,20000
dakes annotated reference bible large print,46100,< 100
niv bible,45000,4000
hebrew bible,44600,10000
nlt journaling bible,44300,400
jehovah witness bible,44200,500
kjv bible with apocrypha,37300,300
nlt illustrated study bible,36800,300
journaling bible,36600,4000
nlt bible large print,36600,900
catholic childrens bible,34300,1000
macarthur study bible,33900,1000
amplified bible,33500,500
the bible,33100,100000
nlt bible for women,32700,900
nasb macarthur study bible,32500,200
she reads truth bible for women,32400,200
csb she reads truth bible,32000,300
csb apologetics study bible,30600,< 100
douay rheims catholic bible,29700,200
esv study bible,28500,1000
bible for women,28000,30000
nlt bibles,27800,1000
life application study bible,27800,3000
new testament bible,26900,30000
catholic study bible,25800,7000
candace cameron bure bible,25800,200
hcsb study bible,25600,300
large print bible,25400,8000
nlt life application study bible large print,25200,300
holy bible,24400,10000
esv journaling bible,24100,500
nasb bible large print,23600,600
matthew henry bible commentary,23300,400
he reads truth bible,22400,200
amharic bible,22400,200
catholic bibles,22400,10000
esv study bible large print,22000,1000
study bible,21700,80000
bible study,21600,80000
bible for men,21400,30000
passion translation bible,21000,400
bilingual bible spanish english,20800,400
esv bible,20700,2000
beth moore bible studies,20000,500
scofield study bible,20000,200
nabre catholic bible,20000,200
nkjv study bible for women,19700,700
douay rheims bible,18700,200
nkjv study bible large print,18600,900
bilingual bible spanish english reina valera 1960,18400,200
childrens bible,18200,10000
ryrie study bible,18100,200
nabre catholic bible large print,18100,200
she reads truth bible,18000,300
jeremiah study bible,18000,1000
esv bible large print,18000,1000
niv life application study bible,18000,1000
csb study bible for women,17600,300
bible study bible,17500,80000
the holy bible,17400,10000
bible verse,17300,8000
macarthur study bible nkjv,17000,200
bible commentary,16900,20000
keyword study bible,16900,1000
nkjv life application study bible,16900,400
bible for kids,16700,10000
scofield study bible kjv,16700,200
macarthur study bible esv,16600,200
bible case,16400,2000
reformation study bible,16400,1000
precious moments bible,16300,700
adventure bible,16300,6000
jewish study bible,16200,8000
holy bible for women,16200,4000
scofield study bible kjv large print,16100,200
david jeremiah study bible,16000,500
john macarthur study bible,16000,1000
niv study bible large print,15700,1000
scofield study bible nkjv,15700,< 100
cev bible,15700,300
new inductive study bible,15300,300
nkjv bible for women,15300,900
bible journal,15100,10000
bible niv,15000,4000
nabre catholic bible leather,15000,300
scofield reference bible,14900,200
womens study bible,14800,10000
nirv adventure bible for early readers,14800,100
macarthur study bible nasb,14600,200
harper collins study bible,14400,7000
nasb reference bible,14300,500
message bible,14300,10000
hcsb study bible for women,14200,200
nasb study bibles,14200,800
niv application study bible,14100,1000
esv study bible leather,14100,1000
nasb thinline bible,13700,200
catholic bible,13700,10000
calfskin leather bible,13500,500
scofield study bible kjv large print thumb indexed,13500,< 100
niv bible for women,13300,1000
holman study bible,13300,1000
holman christian standard bible,13300,700
catholic youth bible,13000,800
mev bible large print,12900,< 100
dakes annotated reference bible,12900,200
bible coloring book,12800,4000
the bible study,12700,80000
the study bible,12700,80000
life application study bible nlt,12500,400
remnant study bible,12500,200
nasb bible,12500,900
macarthur bible commentary,12500,1000
keyword study bible kjv,12400,200
ceb study bible,12300,< 100
christian bible,12200,100000
macarthur study bible large print,12000,400
niv study bible for women,12000,1000
niv journaling bible,12000,500
bad girls of the bible,11900,800
ryrie study bible kjv,11900,< 100
nasb journaling bible,11800,200
niv bible large print,11800,1000
spurgeon study bible,11700,800
mev bible giant print,11700,< 100
childrens bibles ages 9 to 12,11700,1000
macarthur study bible nasb large print,11700,< 100
bible kjv,11600,4000
holy bible old and new testament,11600,3000
macarthur study bible niv,11600,400
bilingual bible,11500,900
tyndale bible,11500,2000
bible reina valera 1960,11500,700
discerning the voice of god priscilla shirer bible study,11400,< 100
reformation study bible esv,11400,< 100
baby's first bible,11400,3000
she reads truth bible for women rose gold,11300,< 100
she reads truth bible for women indexed,11200,200
lsat powerscore bibles,11200,< 100
beth moore daniel bible study workbook,11200,< 100
we saved you a seat - bible study book,11200,< 100
niv zondervan study bible,11200,1000
tyndale nlt life application study bible,11100,200
niv journal the word bible,11100,500
halleys bible handbook,11100,< 100
womens bible,11100,30000
hcsb study bible leather,11000,300
ryrie study bible nasb,11000,< 100
bible journaling,11000,4000
bible verse coloring book,11000,1000
remnant study bible with ellen g white comments kjv,10900,< 100
bad girls of the bible by liz curtis higgs,10900,< 100
nlt study bible large print,10700,700
bible for girls,10700,8000
mev bible,10700,200
wycliffe bible,10700,200
poisonwood bible,10600,< 100
elijah bible study priscilla shirer,10600,< 100
max lucado bible,10600,2000
csb journaling bible,10600,300
mev bible leather,10600,< 100
didache bible,10500,300
dakes study bible,10400,200
bible large print,10400,8000
chronological study bible,10300,600
bible journaling supplies,10300,2000
hcsb study bible large print,10300,300
priscilla shirer bible studies,10300,300
lsat bible,10200,300
nasb macarthur study bible 2nd edition,10200,< 100
priscilla shirer elijah bible study,10100,< 100
bible for teen girls,10100,2000
jimmy swaggart expositor's study bible,10100,< 100
catholic journaling bible,10000,700
nasb bible leather,9900,500
bible leather,9800,8000
new living translation bible large print,9800,800
archaeological study bible,9800,300
nasb macarthur study bible large print,9800,< 100
bible hardcover,9800,20000
nasb macarthur study bible leather,9800,< 100
wycliffe bible commentary,9700,< 100
seamless bible study book,9700,300
remnant study bible nkjv,9600,200
bible stories,9600,30000
mev bible personal size large print,9600,< 100
new living translation study bible,9500,1000
kids bible,9500,9000
parallel bible,9400,1000
old testament bible,9300,20000
chronological bible,9300,700
niv bible for men,9200,1000
matchless bible study,9200,< 100
holman kjv study bible,9100,400
matchless bible study book,9100,< 100
the jeremiah study bible,9100,1000
lifechange bible study series,9000,200
niv thinline bible,9000,400
daily bible,9000,10000
women of the bible speak,9000,1000
hcsb bible,9000,500
teen study bible,9000,3000
bibles for women,8900,30000
new inductive study bible nasb,8900,< 100
small bible,8900,10000
spanish bible,8800,9000
priscilla shirer armor of god bible study,8800,< 100
lutheran study bible,8800,800
remnant study bible with ellen g white comments nkjv,8800,< 100
he speaks to me priscilla shirer bible study workbook,8800,< 100
tpt bible,8800,200
niv chronological study bible,8800,300
charles spurgeon study bible,8700,1000
esv student study bible,8700,400
ligonier study bible,8700,200
niv study bible for men,8600,900
application study bible,8600,4000
tpt bible old and new testament,8600,< 100
1611 king james bible with apocrypha,8500,200
nasb macarthur study bible 2nd edition hardcover,8500,200
pocket bible,8500,2000
king james study bible,8500,3000
niv rainbow study bible,8400,200
bible study journal,8400,7000
abide bible,8400,600
my first bible,8400,1000
barclay bible commentary,8300,400
bible esv,8300,2000
life application bible,8300,4000
ephesians bible study,8300,1000
kjv bible study guide,8200,6000
nabre bible,8200,200
nasb life application study bible,8200,400
orthodox study bible,8200,1000
kids study bible,8200,2000
nasb macarthur study bible black,8200,< 100
beth moore galatians bible study,8100,< 100
new international version bible,8100,4000
bible journal for women,8100,7000
baby bible,8000,6000
gideon bible study priscilla shirer,8000,< 100
mens study bible,8000,10000
jerusalem bible,8000,1000
bible nkjv,8000,2000
new interpreters bible,8000,800
shannon bream women of the bible book,7900,< 100
study bible for men,7900,10000
halleys bible,7900,200
ceb bible,7900,200
nkjv giant print bible,7900,500
new american standard bible,7800,1000
life bible,7800,100000
jesus bible,7800,30000
king james version bible,7700,4000
icb bible,7700,400
fire bible,7700,2000
nabre bible leather,7700,200
niv chronological bible,7700,200
jewish bible,7700,10000
helpfinder bible,7700,< 100
children's bible,7600,20000
life study bible,7600,30000
niv reference bible,7600,3000
catholic bible study guide,7600,30000
niv life application study bible large print,7600,400
the bible study guide,7600,90000
poverty and justice bible,7500,500
wiersbe bible commentary,7500,300
bible dictionary,7500,3000
satanic bible,7500,500
the poisonwood bible,7400,< 100
nasb macarthur study bible 2nd edition comfort print,7400,< 100
kay arthur inductive bible study,7400,200
nab bible catholic,7400,400
quest study bible,7400,600
nab bible,7400,300
american bible,7400,10000
bible book,7400,100000
bible knowledge commentary,7400,1000
bible accessories,7400,7000
nasb macarthur study bible large print black bonded thumb-indexed,7300,< 100
keyword study bible esv,7300,< 100
life application study bible niv large print,7300,400
women of the bible speak book by shannon bream,7300,< 100
large print study bible,7200,4000
andrew wommack study bible,7200,< 100
the bible for men,7200,100000
bible for boys,7200,9000
calfskin bible,7100,200
scofield bible,7100,300
bible nlt,7100,1000
bible handbook,7000,4000
erv bible,7000,200
tpt bible large print,7000,< 100
read aloud bible stories vol 1-5,7000,< 100
holy bible niv,7000,1000
cute bible,7000,5000
family bible,7000,20000
halleys bible handbook deluxe edition,7000,< 100
king james bible large print,6900,1000
bible passion translation,6900,300
manners and customs of the bible,6900,200
esv single column journaling bible,6900,300
believers bible commentary william macdonald,6900,< 100
new oxford annotated bible with apocrypha,6900,< 100
knv study bible,6900,3000
life application study bible large print,6900,600
niv life application study bible large print thumb indexed,6900,200
bible kindle,6900,70000
catholic bible study,6900,70000
holy bible for kids,6800,800
niv life application bible,6800,1000
life in the spirit study bible kjv,6800,300
nrsv study bible,6800,500
holy bible study guide,6700,30000
women of the bible shannon bream,6700,< 100
bible devotional,6700,40000
the life application study bible,6700,7000
bible covers for men,6700,400
csb holy land illustrated bible,6700,200
bible study bible for women,6600,30000
bible niv version,6600,4000
living translation bible,6600,2000
holy bible king james version,6600,1000
hcsb bible large print,6600,200
hosanna revival bibles,6600,200
niv life application study bible personal size,6500,200
bible english standard version,6500,10000
the bible study book,6500,80000
she reads truth bible for women large print,6500,200
life recovery bible,6500,1000
niv beautiful word coloring bible,6500,200
nasb life application study bible large print,6500,200
niv adventure bible,6500,300
women in the bible,6500,8000
cameron bure bible,6500,200
niv holy bible,6500,1000
she reads truth bible for women leather,6500,< 100
life in the spirit study bible,6500,6000
niv study bible leather,6500,1000
women of the bible,6400,20000
then and now bible maps,6400,1000
kay arthur inductive bible,6400,200
bible for teens,6400,8000
niv beautiful word bible,6400,900
cannabis grow bible,6400,300
life application study bible nlt large print,6300,300
amy-jill levine the bible with & without jesus,6300,< 100
niv cultural background study bible,6300,< 100
niv artisan collection bible,6300,< 100
niv large print study bible,6300,1000
niv rainbow study bible with color coded verses,6300,< 100
babys first bible,6300,3000
new king james bible large print,6300,1000
baronius press' d-r bibles,6200,< 100
new jerusalem bible,6200,900
thru the bible j vernon mcgee,6200,300
creative bible,6200,3000
bible spanish,6200,9000
holy bible study bible,6200,90000
niv study bible large print with thumb index,6200,300
holman illustrated bible dictionary,6200,< 100
nirv adventure bible for kids,6200,< 100
macarthur bible,6200,2000
bibles for men,6200,30000
bible word search,6200,2000
holy bible kjv,6100,2000
thompson chain reference bible kjv,6100,200
niv bible for teen girls,6100,400
bible nlt version,6100,1000
study bible kjv,6100,3000
reina valera 1960 bilingual bible,6100,200
harper collins study bible new revised standard version,6000,< 100
niv bible study guide,6000,6000
bible commentary set,6000,1000
metaphysical bible dictionary,6000,< 100
american standard bible,6000,1000
best study bible,6000,10000
the bible book,6000,100000
bible journaling kit,6000,1000
matthew henry study bible,6000,300
bible studies,6000,80000
beautiful word bible,6000,5000
teen bible,6000,7000
niv bible for kids,6000,6000
niv bible study,6000,3000
childrens bibles ages 5-8,6000,5000
linux bible,6000,200
nasb bible large print study bible,6000,600
bible study guide for women,6000,9000
holy bible large,6000,10000
niv bible leather,6000,1000
the reformation study bible,5900,1000
dayspring illustrating bible,5900,< 100
niv journal the word bible for teen girls,5900,6000
nasb large print bible,5900,600
the message bible,5900,10000
kay arthur bible studies,5900,500
messianic bible,5900,1000
misreading the bible through western eyes,5900,< 100
bible cover for women,5900,2000
scofield study bible nkjv large print,5900,< 100
bible study for women,5800,10000
niv journaling bible for women,5800,5000
niv journal the word bible for women,5800,400
swahili bible,5800,300
the jesus storybook bible,5800,600
bible journal for men,5800,3000
concordance bible,5800,3000
jen wilkin bible study,5800,300
bible study workbooks,5800,4000
life recovery bible large print,5800,200
navarre bible,5800,200
bible niv large print,5800,1000
csb notetaking bible,5800,200
new interpreters bible commentary,5700,200
new king james study bible,5700,2000
dr jeremiah study bible,5700,400
bible for adults,5700,100000
bible reina valera,5700,1000
thompson chain reference bible niv,5700,200
she reads truth bible for women kjv,5700,200
illustrated bible,5700,10000
bible new living translation,5700,2000
keyword study bible nasb,5700,< 100
niv journal the word bible large print,5700,500
bible stories for toddlers,5700,1000
nkjv bible study bible,5600,1000
bible esv version,5600,1000
egermeiers bible storybook,5600,< 100
nasb study bible,5600,700
30 days to understanding the bible by max anders,5600,< 100
tniv study bible,5600,200
dakes study bible large print leather bound,5600,< 100
jentezen franklin study bible,5600,200
woman's study bible,5600,10000
bible for kids 8-12,5600,1000
nasb study bible leather,5600,400
catholic bible for women,5600,3000
bible king james version,5600,4000
the new inductive study bible nisb,5600,< 100
holy bible large print,5600,2000
tlv study bible,5600,200
dennis prager the rational bible,5600,< 100
niv teen study bible,5500,500
bible workbook,5500,6000
niv large print bible,5500,1000
life application study bible nkjv,5500,400
bible coloring book for kids,5500,1000
mens bible,5500,30000
holman christian standard study bible,5500,600
children bible,5500,20000
bible kjv large print,5500,1000
niv zondervan study bible leather,5500,1000
battle plan for prayer bible study book,5400,200
holy land illustrated bible,5400,200
new interpreters study bible,5400,300
life change bible studies,5400,4000
halleys bible handbook large print,5400,< 100
king james study bible large print,5400,1000
women's study bible,5400,10000
nasb macarthur study bible 2nd edition large print,5400,< 100
revelation bible study,5400,4000
bible knowledge,5400,100000
bible for toddlers,5400,2000
egw study bible,5300,< 100
life application study bible kjv,5300,400
the catholic bible,5300,10000
bible covers,5300,3000
bible verse coloring book for adults,5300,1000
oxford annotated bible,5300,700
priscilla shirer bible,5300,300
la sainte bible,5300,200
niv zondervan study bible large print,5300,700
niv application bible,5300,1000
journal bible,5200,10000
bible study books,5200,80000
nasb study bible large print,5200,500
making sense of the bible,5200,8000
bible study bible cover,5200,50000
holy bible for men,5200,10000
kjv reference bible,5100,2000
weymouth bible,5100,< 100
bible curriculum,5100,10000
niv womens study bible,5100,1000
the bible for kids,5100,10000
new believers bible,5100,4000
niv adventure bible for kids,5100,200
nasb large print study bible,5100,500
bibles for kids,5100,10000
defined bible study,5100,300
dake study bible,5100,200
dakes study bible large print,5100,< 100
thinline bible,5100,700
gnt study bible,5100,< 100
niv journaling bible large print,5100,700
jesus calling by sarah young,104800,400
jesus storybook bible,69700,600
jesus calling,63700,3000
jesus and john wayne,44900,200
jesus and john wayne by kristin kobes du mez,22100,< 100
jesus calling by sarah young 365 day devotional,18200,300
jesus coloring book,17900,1000
seeking allah finding jesus,15100,< 100
short stories by jesus by amy-jill levine,12300,< 100
jesus loves me,9900,10000
the jesus you may not know by david jeremiah,9400,< 100
jesus book,9300,80000
jesus in me anne graham lotz,9200,< 100
jesus storybook,8500,700
jesus the christ by james e. talmage,8200,200
jesus and the eyewitnesses richard bauckham,7900,< 100
jesus bible,7800,30000
misquoting jesus,7000,< 100
how jesus became god by bart d. ehrman,6800,< 100
sarah young jesus calling devotional 2021,6300,< 100
amy-jill levine the bible with & without jesus,6300,< 100
jesus te llama spanish edition 2021,6200,< 100
dying to meet jesus randy kay,6200,< 100
do what jesus did robby dawkins,6000,< 100
medjugorje jesus garcia,6000,< 100
jesus calling devotional,6000,2000
killing jesus by bill o'reilly,5900,< 100
the jesus storybook bible,5800,600
adyashanti resurrecting jesus,5500,< 100
jesus and the disinherited by howard thurman,5500,< 100
jesus and the disinherited,5400,< 100
jesus calling book,5200,3000
mary mother of jesus,5100,3000
christian books,35600,100000
mere christianity by c.s. lewis paperback,33700,200
mere christianity,28800,700
mere christianity by c.s. lewis hardcover,28500,< 100
christian,27900,200000
hans christian andersen complete fairy tales,27900,300
cold case christianity by j. warner wallace,24600,< 100
cs lewis mere christianity,21100,300
christian books for women,20700,70000
christian coloring book,20100,6000
christian gifts for men,18400,30000
mere christianity study guide,15700,200
mere christianity by c.s. lewis kindle,14800,200
confronting christianity,14000,300
mere christianity cs lewis,13400,300
holman christian standard bible,13300,700
mere christianity c.s. lewis,13300,200
christian journal,12600,10000
confronting christianity by rebecca mclaughlin,12500,< 100
max lucado childrens christian book,12300,500
christian bible,12200,100000
fifty shades freed as told by christian grey,11600,< 100
hans christian andersen,11300,1000
hans christian andersen fairy tales,10900,600
masculine christianity,10700,200
canoeing the mountains christian leadership in uncharted territory,10600,< 100
christian fiction books,10600,100000
christian gifts for kids,10200,20000
christian books for men,9800,40000
christian gratitude journal,9600,2000
christian romance,9400,50000
christian ethics,9300,80000
mere christianity hardcover,9100,200
confronting christianity 12 hard questions,8800,< 100
live not by lies a manual for christian dissidents,8600,< 100
mere christianity kindle,8600,500
christian books for kids,8400,10000
christian planner 2021,8200,1000
diarmaid macculloch a history of christianity,8100,< 100
christian historical fiction,7900,20000
diarmaid macculloch christianity the first three thousand years,7900,< 100
christian romance books,7600,60000
christian easter basket,7600,1000
christian devotional,7300,80000
christian gifts for girls,7100,10000
christian calendar 2021,6800,400
christian activity book,6800,40000
christian romance novels,6800,20000
christian theology,6800,70000
christian women,6700,100000
christian planner,6300,300
hans christian andersen complete fairy tales illustrated,6200,< 100
christian planner 2021-2022,6200,7000
christian romance kindle,6200,100000
40 questions about christians and biblical law,6000,< 100
bertrand russell why i am not a christian,6000,< 100
gay christian book,6000,10000
christian historical romance,5900,10000
christian journal for women,5800,8000
christian chapter books,5700,20000
holman christian standard study bible,5500,600
christian fiction books for women,5500,40000
basic christianity,5400,3000
mere christianity audible,5400,< 100
christian books for girls,5400,20000
hans christian anderson complete fairy tales,5300,< 100
christian education,5200,30000
christian fiction kindle,5200,100000
marketplace christianity,5200,2000
religious coloring book,15700,6000
religious gifts for men,12800,20000
religious easter,9700,5000
religious easter basket,9200,3000
religious books,9100,100000
religious easter gifts,5700,8000
westminster confession of faith,14000,200
i dont have enough faith to be an atheist,11700,< 100
now that faith has come beth moore,8000,< 100
faith coloring book,6500,10000
faith gifts for women,6400,20000
gay girl good god jackie hill perry,56700,< 100
before i was born god's design for sex,47200,200
the man god has for you book stephan speaks,25300,< 100
the man god has for you,22700,200
do something beautiful for god mother teresa,19500,< 100
magnus chase and the gods of asgard,15600,< 100
their eyes were watching god zora neale hurston,15500,200
discerning the voice of god priscilla shirer,12700,< 100
preparing for marriage god's way wayne mack,12400,< 100
discerning the voice of god,11700,200
be still and know that i am god journal,11600,200
discerning the voice of god priscilla shirer bible study,11400,< 100
behold your god,11000,300
behold your god rethinking god biblically workbook,10900,< 100
gods and monsters shelby mahurin,10700,< 100
making sense of god,10500,1000
ji packer knowing god,10300,200
may god bless you and keep you,9900,1000
do something beautiful for god,9200,7000
priscilla shirer armor of god bible study,8800,< 100
the attributes of god by a. w. tozer,8600,< 100
forgotten god by francis chan,8400,< 100
disciplines of a godly man,8400,300
so far from god,8300,200
gods creative power charles capps,8000,< 100
nation of gods and earths,7800,700
god gave us you,7800,1000
defined who god says you are,7700,< 100
nation of gods and earths books,7500,800
disciplines of a godly woman,7400,300
how jesus became god by bart d. ehrman,6800,< 100
gods promises for graduates 2021,6800,< 100
sinners in the hands of a loving god,6800,< 100
charlamagne tha god,6700,400
knowing god by j.i. packer,6600,< 100
what happens when women say yes to god,6600,< 100
grasping god's word,6500,< 100
godly gifts for women,6500,800
sinners in the hands of an angry god,6500,< 100
their eyes were watching god,6400,200
god book,6400,100000
i.t. lucas children of the god series,6200,< 100
gods design for sex series,6200,< 100
grasping gods word 4th edition,6200,< 100
can you still trust god charles stanley,6200,< 100
discerning the voice of god priscilla shirer workbook,6200,< 100
their eyes were watching god paperback,6100,200
their eyes were watching god audiobook,6000,< 100
the temperament god gave you,5900,< 100
injustice gods among us,5800,200
knowing god,5800,8000
god made all of me,5800,400
becoming the woman god wants me to be,5700,< 100
reason for god timothy keller,5600,< 100
the struggle is real but so is god,5500,600
for god so loved the world,5500,2000
god's promises,5500,9000
god's promises for your every need,5300,1000
the god of small things by arundhati roy,5200,200
reason for god,5200,10000
are you there god it's me margaret,5200,200
outgrowing god,5200,< 100
grasping gods word 3rd edition,5200,< 100
maat the 11 laws of god,5200,200
emotionally healthy spirituality by peter scazzero,37900,< 100
emotionally healthy spirituality,26300,300
spiritual,17200,100000
spiritual warfare,15100,10000
the seven spiritual laws of success by deepak chopra,14300,200
spiritual gifts for women,13500,10000
spiritual gifts,12300,10000
spiritual leadership by j. oswald sanders,10100,< 100
spiritual books,9700,100000
7 spiritual laws of success by deepak chopra,8300,200
do better spiritual activism,7000,< 100
spiritual exercises,5900,10000
puhl spiritual exercises,5400,< 100
african spirituality,5300,3000
spiritual depression,5200,3000
