Key Word,Search Rank,Search Volume,Result Count,Review Count,Amazon's Choice
because of the rabbit,12,10,200,2,000,5,400,No
book 2 year old,29,10,000,10,000,10,300,No
bunny book,2,9,600,10,000,900,No
berenstain bears easter,14,9,100,200,500,No
book 3 year old,22,6,700,20,000,8,800,No
dr seuss beginner,30,6,500,800,2,600,No
god gave us easter,30,5,800,300,2,200,No
five children and it,10,5,700,10,000,4,900,No
dr suess board book,21,5,200,400,3,700,No
easter kids,17,4,900,30,000,700,No
honey girl,18,4,900,6,000,4,000,No
yopinsand,39,4,900,200,1,600,No
candy for boys,2,4,800,10,000,2,100,No
ocean books for kids 5-7,40,4,600,2,000,1,800,No
easter book,5,4,400,10,000,1,000,No
hunny bunny book,5,4,300,300,300,No
easter books,4,4,300,10,000,1,200,No
a friend is someone who childrens book,28,4,200,1,000,20,500,No
how to catch the easter bunny,4,4,100,200,3,600,No
be right back book,45,3,900,30,000,7,200,No
easter books for girls,6,3,900,8,000,1,600,No
dr seuss toddler girl,25,3,900,1,000,1,400,No
babys 1st easter gifts,46,3,600,4,000,500,No
were having a baby book,26,3,500,10,000,18,700,No
we share the same sky,9,3,400,1,000,1,700,No
how to catch a leprechaun book,18,3,400,200,1,600,No
gift easter basket for toddlers,33,3,300,9,000,1,100,No
best easter basket,44,3,300,5,000,300,No
book 3 year old girl,24,3,300,10,000,6,400,No
book 3 year old boy,30,3,300,10,000,7,700,No
5 kids gifts,25,3,200,100,000,5,600,No
eaater basket stuffers,41,3,200,< 100,200,No
jory john childrens books,34,3,100,200,1,700,No
books easter basket,6,3,100,9,000,600,No
book for 5 year old boy,43,3,100,10,000,7,100,No
god gave us books,46,3,000,10,000,3,400,No
nature toddler,36,3,000,10,000,2,000,No
babys easter book,41,2,900,10,000,500,No
like a mother book,29,2,900,6,000,3,800,No
dr suess board,27,2,800,2,000,4,400,No
baskey,43,2,800,20,000,900,No
buuny toys,35,2,800,5,000,500,No
s easter basket,42,2,800,6,000,800,No
easy book,40,2,800,200,000,1,900,No
mouses first spring,5,2,800,2,000,4,100,No
lessons from the mouse,26,2,700,400,3,600,No
kids books for toddlers,33,2,700,50,000,5,800,No
easter board,23,2,700,4,000,1,900,No
pj funny bunny very bad bunny,6,2,600,< 100,1,600,No
easter gift ideas for kids,9,2,600,9,000,700,No
pete the cat five little bunnies,3,2,600,200,2,900,No
dr seuss colors,20,2,500,2,000,5,400,No
what if you had animal teeth,14,2,400,< 100,2,200,No
baby's 1st easter book,33,2,400,2,000,500,No
llama easter book,21,2,400,400,2,800,No
mouse easter basket,9,2,400,2,000,800,No
five languages of love children,42,2,400,20,000,2,300,No
gifts easter baskets,37,2,400,10,000,4,800,No
why easter book,46,2,400,2,000,700,No
pj funny,2,2,300,30,000,4,800,No
the hard part is living book,23,2,300,3,000,11,900,No
book 5 year old boy,29,2,300,10,000,6,800,No
some bunny is two,47,2,300,4,000,4,100,No
babies 1st easter book,48,2,300,2,000,400,No
2 year old book,38,2,300,10,000,9,200,No
childrens book for toddlers,9,2,300,70,000,7,600,No
live not by lives,48,2,300,9,000,3,200,No
like-it basket,34,2,300,20,000,13,200,No
stuff easter,41,2,200,10,000,4,400,No
being yourself book,46,2,200,50,000,4,000,No
easter house,29,2,200,10,000,1,000,No
easter decorations for girls,29,2,200,10,000,7,500,No
make room for baby,7,2,100,70,000,5,600,No
silly easter,35,2,100,3,000,600,No
children easter,3,2,100,30,000,600,No
funny board book,15,2,100,7,000,7,600,No
best easter books,1,2,100,6,000,2,700,No
best easter books for children,1,2,100,70,000,3,500,No
happy easter mouse,7,2,100,200,2,400,No
if you give a dog a donut,15,2,100,600,1,600,No
horton hatches,9,2,100,200,1,100,No
super rabbit boy,28,2,100,500,2,600,No
first easter book,6,2,100,2,000,1,700,No
gifts easter kids,33,2,100,30,000,4,200,No
happy baby book,47,2,000,30,000,5,100,No
baby makes 5,42,2,000,90,000,13,800,No
7 years book,22,2,000,30,000,5,100,No
the bunny,12,2,000,80,000,900,No
super rabbit boy books,34,2,000,500,2,500,No
honey bunny,6,2,000,1,000,800,No
pinkalicious easter,14,2,000,200,2,600,No
dr suess book,34,2,000,1,000,4,800,No
cafe gift baskets,16,2,000,10,000,1,200,No
baby book 5,34,1,900,100,000,5,800,No
easter books for kids 5-7,5,1,900,1,000,2,800,No
easter bunny book,1,1,900,1,000,900,No
pete the cat easter,6,1,900,200,1,900,No
eqster,8,1,900,200,8,800,No
bad little bunny,19,1,900,50,000,1,800,No
joyland,19,1,900,< 100,1,200,No
because of the rabbit,12,10,200,2,000,5,400,No
book 2 year old,29,10,000,10,000,10,300,No
bunny book,2,9,600,10,000,900,No
berenstain bears easter,14,9,100,200,500,No
book 3 year old,22,6,700,20,000,8,800,No
dr seuss beginner,30,6,500,800,2,600,No
god gave us easter,30,5,800,300,2,200,No
five children and it,10,5,700,10,000,4,900,No
dr suess board book,21,5,200,400,3,700,No
easter kids,17,4,900,30,000,700,No
honey girl,18,4,900,6,000,4,000,No
yopinsand,39,4,900,200,1,600,No
candy for boys,2,4,800,10,000,2,100,No
ocean books for kids 5-7,40,4,600,2,000,1,800,No
easter book,5,4,400,10,000,1,000,No
hunny bunny book,5,4,300,300,300,No
easter books,4,4,300,10,000,1,200,No
a friend is someone who childrens book,28,4,200,1,000,20,500,No
how to catch the easter bunny,4,4,100,200,3,600,No
be right back book,45,3,900,30,000,7,200,No
easter books for girls,6,3,900,8,000,1,600,No
dr seuss toddler girl,25,3,900,1,000,1,400,No
babys 1st easter gifts,46,3,600,4,000,500,No
were having a baby book,26,3,500,10,000,18,700,No
we share the same sky,9,3,400,1,000,1,700,No
how to catch a leprechaun book,18,3,400,200,1,600,No
gift easter basket for toddlers,33,3,300,9,000,1,100,No
best easter basket,44,3,300,5,000,300,No
book 3 year old girl,24,3,300,10,000,6,400,No
book 3 year old boy,30,3,300,10,000,7,700,No
5 kids gifts,25,3,200,100,000,5,600,No
eaater basket stuffers,41,3,200,< 100,200,No
jory john childrens books,34,3,100,200,1,700,No
books easter basket,6,3,100,9,000,600,No
book for 5 year old boy,43,3,100,10,000,7,100,No
god gave us books,46,3,000,10,000,3,400,No
nature toddler,36,3,000,10,000,2,000,No
babys easter book,41,2,900,10,000,500,No
like a mother book,29,2,900,6,000,3,800,No
dr suess board,27,2,800,2,000,4,400,No
baskey,43,2,800,20,000,900,No
buuny toys,35,2,800,5,000,500,No
s easter basket,42,2,800,6,000,800,No
easy book,40,2,800,200,000,1,900,No
mouses first spring,5,2,800,2,000,4,100,No
lessons from the mouse,26,2,700,400,3,600,No
kids books for toddlers,33,2,700,50,000,5,800,No
easter board,23,2,700,4,000,1,900,No
pj funny bunny very bad bunny,6,2,600,< 100,1,600,No
easter gift ideas for kids,9,2,600,9,000,700,No
pete the cat five little bunnies,3,2,600,200,2,900,No
dr seuss colors,20,2,500,2,000,5,400,No
what if you had animal teeth,14,2,400,< 100,2,200,No
baby's 1st easter book,33,2,400,2,000,500,No
llama easter book,21,2,400,400,2,800,No
mouse easter basket,9,2,400,2,000,800,No
five languages of love children,42,2,400,20,000,2,300,No
gifts easter baskets,37,2,400,10,000,4,800,No
why easter book,46,2,400,2,000,700,No
pj funny,2,2,300,30,000,4,800,No
the hard part is living book,23,2,300,3,000,11,900,No
book 5 year old boy,29,2,300,10,000,6,800,No
some bunny is two,47,2,300,4,000,4,100,No
babies 1st easter book,48,2,300,2,000,400,No
2 year old book,38,2,300,10,000,9,200,No
childrens book for toddlers,9,2,300,70,000,7,600,No
live not by lives,48,2,300,9,000,3,200,No
like-it basket,34,2,300,20,000,13,200,No
stuff easter,41,2,200,10,000,4,400,No
being yourself book,46,2,200,50,000,4,000,No
easter house,29,2,200,10,000,1,000,No
easter decorations for girls,29,2,200,10,000,7,500,No
make room for baby,7,2,100,70,000,5,600,No
silly easter,35,2,100,3,000,600,No
children easter,3,2,100,30,000,600,No
funny board book,15,2,100,7,000,7,600,No
best easter books,1,2,100,6,000,2,700,No
best easter books for children,1,2,100,70,000,3,500,No
happy easter mouse,7,2,100,200,2,400,No
if you give a dog a donut,15,2,100,600,1,600,No
horton hatches,9,2,100,200,1,100,No
super rabbit boy,28,2,100,500,2,600,No
first easter book,6,2,100,2,000,1,700,No
gifts easter kids,33,2,100,30,000,4,200,No
happy baby book,47,2,000,30,000,5,100,No
baby makes 5,42,2,000,90,000,13,800,No
7 years book,22,2,000,30,000,5,100,No
the bunny,12,2,000,80,000,900,No
super rabbit boy books,34,2,000,500,2,500,No
honey bunny,6,2,000,1,000,800,No
pinkalicious easter,14,2,000,200,2,600,No
dr suess book,34,2,000,1,000,4,800,No
cafe gift baskets,16,2,000,10,000,1,200,No
baby book 5,34,1,900,100,000,5,800,No
easter books for kids 5-7,5,1,900,1,000,2,800,No
easter bunny book,1,1,900,1,000,900,No
pete the cat easter,6,1,900,200,1,900,No
eqster,8,1,900,200,8,800,No
bad little bunny,19,1,900,50,000,1,800,No
joyland,19,1,900,< 100,1,200,No
bedtime book for 2 year old,46,1,900,3,000,6,300,No
the girl who never makes mistakes,12,1,800,2,000,1,500,No
candy darling book,7,1,800,900,500,No
i spy easter book for kids ages 2-5,4,1,800,400,200,No
pj funny bunny,1,1,800,200,1,100,No
bad bunny book,2,1,700,1,000,1,400,No
easter book 2 year old,1,1,700,3,000,2,300,No
funny gifts for toddlers,20,1,700,30,000,3,900,No
baby s first book,12,1,700,30,000,18,600,No
bad bunny toy,24,1,700,3,000,8,200,No
easter bakets for kids,23,1,700,600,300,No
best easter books for kids,2,1,700,80,000,1,600,No
the never girls collection,49,1,700,5,000,4,300,No
pop up book for 7 year old,22,1,600,1,000,4,100,No
fancy nancy easter,11,1,600,300,1,600,No
sarris easter,1,1,600,< 100,1,400,No
baby reading book girl,32,1,600,10,000,7,100,No
dr marshmellow backpack,2,1,600,< 100,900,No
never girls collection 4,29,1,500,6,000,4,600,No
kid easter gifts,21,1,500,20,000,800,No
dr seuss 1st grade,43,1,500,900,2,600,No
lovable book,15,1,500,10,000,1,700,No
toddler boy easter bunny,20,1,500,5,000,500,No
easter book 5 year old,1,1,500,2,000,3,100,No
bargain gifts for kids,48,1,500,10,000,3,600,No
being different book,21,1,500,100,000,6,000,No
hunny bunny funny bunny book,2,1,500,< 100,400,No
easter books for kids,2,1,500,5,000,2,000,No
baby board book girl,30,1,500,8,000,6,800,No
easyer basket,4,1,500,400,4,300,No
easter picture book,4,1,500,5,000,800,No
look and find book for 2 year old,46,1,500,4,000,5,700,No
short chapter books for kids 6-8,25,1,500,6,000,2,600,No
mammals of florida,35,1,500,300,400,No
1st easter gifts,34,1,500,3,000,4,400,No
kids rabbit book,10,1,400,40,000,600,No
hunny bunny,6,1,400,200,< 100,No
classic baby book collection,48,1,400,3,000,7,700,No
cape cod puzzle kids,6,1,400,200,< 100,No
made easter basket,24,1,400,20,000,700,No
5 mistakes,22,1,400,40,000,2,000,No
easter basket ideas for kids,18,1,400,2,000,300,No
megatoys easter basket,7,1,400,< 100,400,No
p.j. funnybunny,2,1,400,< 100,300,No
being awesome book,17,1,400,70,000,9,000,No
filled easter basket for adults,36,1,400,700,1,000,No
classic toddler book collection,27,1,400,5,000,4,600,No
east gifts for girls,30,1,400,4,000,5,300,No
r.j. rabbit,25,1,300,1,000,5,000,No
r easter basket,39,1,300,1,000,1,900,No
cat cafe game,8,1,300,400,3,500,No
easyer,8,1,300,400,4,600,No
bright places,34,1,300,80,000,1,100,No
llama llama easter,13,1,300,200,3,000,No
toys easter basket,29,1,300,8,000,500,No
ben blue book 2,47,1,300,1,000,1,800,No
best children's book,44,1,300,100,000,8,700,No
lds easter gifts for kids,25,1,300,200,600,No
cool bean,10,1,300,500,2,800,No
babies easter books,42,1,300,10,000,600,No
its not easy being a bunny,1,1,300,200,1,400,No
god gave us easter book,6,1,300,500,2,300,No
make it sweet,9,1,300,3,000,4,400,No
de suess age 8,48,1,300,1,000,1,100,No
be 2.0 book,4,1,300,10,000,3,500,No
moana easter book,27,1,300,500,300,No
basket easter bunny,19,1,300,6,000,4,100,No
baby s 1st easter basket,13,1,200,900,1,500,No
hoppy easter banner,48,1,200,< 100,< 100,No
best easter basket stuffers for girls,9,1,200,4,000,1,200,No
bright and early dr suess,36,1,200,400,2,400,No
like home book,45,1,200,20,000,3,200,No
pj funny bunny series,1,1,200,200,500,No
not easy bunny,1,1,200,8,000,700,No
mee honey,2,1,200,< 100,< 100,No
coronavirus easter bunny,2,1,200,< 100,200,No
backet,35,1,200,2,000,2,400,No
baby s 1st easter bunny,3,1,200,600,1,100,No
east gifts for babies,25,1,100,2,000,3,400,No
her one mistake book,10,1,100,7,000,3,300,No
pj easter,34,1,100,2,000,500,No
baby reading book first year,35,1,100,10,000,6,700,No
super rabbit boy 8,15,1,100,2,000,3,500,No
easter story,43,1,100,8,000,800,No
babys very first collection,19,1,100,3,000,4,200,No
baby s easter basket,7,1,100,3,000,2,700,No
prime easter books,32,1,100,10,000,4,200,No
came easter basket,5,1,100,6,000,1,100,No
reader rabbit preschool,18,1,100,1,000,1,400,No
some place like home,32,1,100,100,000,9,100,No
her one mistake,37,1,100,6,000,4,500,No
being a book,9,1,100,30,000,1,300,No
said the sky sticker,5,1,100,1,000,6,100,No
five children and it book,5,1,100,40,000,1,700,No
1st easter book,4,1,100,2,000,900,No
llama llama easter egg,9,1,100,300,2,100,No
bad of candy for easter,3,1,100,2,000,1,600,No
like it basket,12,1,100,20,000,1,800,No
bunny's books,12,1,100,10,000,300,No
being present,45,1,100,20,000,1,700,No
noisy dinosaur book,16,1,100,200,2,000,No
super rabbit boy series,23,1,100,900,3,100,No
little pookie easter,1,1,100,< 100,2,500,No
baby nephew book,24,1,100,10,000,7,100,No
not easy being a bunny book,1,1,100,300,500,No
pop up childrens book collections,45,1,100,2,000,3,100,No
silly books for kids 3-5,48,1,100,4,000,4,300,No
kids bunny books,7,1,100,4,000,1,000,No
pj funnybunny books,1,1,100,< 100,1,000,No
pj library,17,1,000,1,000,2,400,No
pj funny bunny books,1,1,000,200,1,000,No
game over super rabbit boy,21,1,000,900,16,700,No
toddler girl easter candy,8,1,000,5,000,900,No
babies love colors,32,1,000,90,000,5,700,No
dont over think it book,39,1,000,10,000,3,900,No
super rabbit boy 9,37,1,000,1,000,4,000,No
easter fifts for kids,3,1,000,30,000,2,400,No
kids esster basket,26,1,000,< 100,200,No
baby s easter,12,1,000,9,000,16,700,No
basket eastee,23,1,000,200,600,No
bad child s book of beasts,28,1,000,1,000,1,300,No
easy easter gifts,13,1,000,20,000,17,600,No
nature toddler book,21,1,000,8,000,2,300,No
east gift basket,31,1,000,1,000,2,300,No
sound book for 4 year old,39,1,000,3,000,4,900,No
super rabbit boy 7,12,1,000,2,000,4,300,No
baby s easter book,3,1,000,4,000,900,No
boo basket ideas,44,1,000,9,000,1,100,No
honey girl book,12,1,000,1,000,7,000,No
nature toddler toys,20,1,000,7,000,3,200,No
big cousin book,42,1,000,4,000,1,700,No
bunny board book,5,1,000,1,000,3,500,No
is not easy being a bunny book,1,1,000,300,500,No
baby bunny book,19,1,000,4,000,3,500,No
deal with it book,24,1,000,50,000,4,800,No
easter book 2,6,1,000,10,000,3,900,No
it book hardcover,20,1,000,60,000,3,700,No
babies easter basket stuffers,33,1,000,3,000,1,300,No
dr love book,19,1,000,20,000,3,400,No
not bokk,5,1,000,< 100,800,No
baby s easter gift,1,1,000,7,000,900,No
5 yr girl book,13,1,000,10,000,4,900,No
its a book,18,1,000,100,000,2,700,No
funny toddler books,21,1,000,9,000,6,300,No
best easter baskets for kids,18,1,000,6,000,1,300,No
the bunny book,3,1,000,10,000,1,200,No
the elephant and the bad baby,22,900,3,000,4,000,No
very funny bunny,4,900,1,000,2,000,No
its funny,16,900,80,000,1,300,No
bunny boy,45,900,10,000,3,500,No
being book,4,900,100,000,6,000,No
pj funnybunny,1,900,< 100,300,No
pj funny bunny camps out,2,900,< 100,2,900,No
babys 1st easter bunny,35,900,2,000,200,No
home baby book,24,900,60,000,5,800,No
nature collection book,32,900,20,000,1,300,No
babies easter book,14,900,10,000,500,No
eaater toys,16,900,< 100,500,No
his favorite toy,45,900,30,000,11,800,No
book for toddler girl,30,900,30,000,9,100,No
easter ideas for kids,2,900,10,000,600,No
babies love easter,22,900,10,000,3,400,No
pjlibrary,15,900,1,000,800,No
and baby makes five,14,900,100,000,10,800,No
silicone baby book,38,900,10,000,3,300,No
dinosaur 2 year old easter basket,10,900,1,000,1,200,No
easter gift baga,31,900,10,000,< 100,No
baby first easter book,41,900,3,000,1,800,No
bunny gifts for kids,6,900,10,000,2,300,No
happy reader,43,900,90,000,9,900,No
easter board book,8,900,3,000,2,000,No
i am a bunny board book,14,900,< 100,4,500,No
easy easter baskets,1,900,8,000,700,No
3 for 2 book sale kids hardcover,48,900,3,000,4,700,No
baby r boy,43,900,10,000,3,700,No
not again book,43,900,8,000,6,400,No
mouse's first spring,5,900,3,000,4,300,No
funny baby book,30,900,10,000,4,900,No
repetitive books for toddlers,20,900,900,4,500,No
easterbasket,9,900,200,400,No
make it simple,25,900,100,000,14,000,No
your six year old,8,900,50,000,5,400,No
dr suisse book,47,900,700,4,800,No
we re having a baby book,29,900,10,000,6,900,No
some place like home book,27,900,10,000,8,500,No
live it book,37,900,20,000,1,500,No
bunny books,5,900,10,000,1,300,No
six by seuss,30,900,900,4,400,No
kids book for boys,43,900,70,000,3,600,No
j-basket,44,900,3,000,1,200,No
eastet bunny,5,900,< 100,500,No
book with stuffed animal set,45,900,3,000,3,400,No
conejo de pascua bebe,21,900,400,700,No
girl easter gift,36,900,80,000,7,200,No
5 families book,43,900,100,000,4,900,No
for easter,32,900,100,000,1,800,No
eager book,28,900,10,000,1,200,No
nature book for boys,36,800,10,000,3,900,No
happy toddler book,31,800,50,000,2,300,No
child easter gift,16,800,30,000,8,100,No
